"0","#–°–æ–ø—É—Ç—Å—Ç–≤—É—é—â–∏–µ –∑–∞–±–æ–ª–µ–≤–∞–Ω–∏—è"
"0","p1 <- ggplot(data_set, aes(x= medHist1Cat0 , y= clin_det_rate, color = medHist1Cat0)) + "
"0","  geom_boxplot()+"
"0","  geom_jitter(position=position_jitter(0.2)) +"
"0","  labs(x = 'Presence of hypertension', y = 'Rate of deterioration') +"
"0","  theme_bw() +"
"0","  theme(legend.position = 'none',"
"0","        axis.title.x =  element_text(size = 13),"
"0","        axis.title.y = element_text(size = 13),"
"0","        axis.text.x = element_text(size = 11),"
"0","        axis.text.y = element_text(size = 11)) +"
"0","  scale_y_continuous(limits = c(0,3))"
"0",""
"0","p2 <- ggplot(data_set, aes(x= medHist2Cat0 , y= clin_det_rate, color = medHist2Cat0)) + "
"0","  geom_boxplot()+"
"0","  geom_jitter(position=position_jitter(0.2)) +"
"0","  labs(x = 'Presence of ischemic heart disease', y = 'Rate of deterioration') +"
"0","  theme_bw() +"
"0","  theme(legend.position = 'none',"
"0","        axis.title.x =  element_text(size = 13),"
"0","        axis.title.y = element_text(size = 13),"
"0","        axis.text.x = element_text(size = 11),"
"0","        axis.text.y = element_text(size = 11)) +"
"0","  scale_y_continuous(limits = c(0,3))"
"0",""
"0","p3 <- ggplot(data_set, aes(x= medHist3Cat0 , y= clin_det_rate, color = medHist3Cat0)) + "
"0","  geom_boxplot()+"
"0","  geom_jitter(position=position_jitter(0.2)) +"
"0","  labs(x = 'Presence of chronic \n obstructive pulmonary disease', y = 'Rate of deterioration') +"
"0","  theme_bw() +"
"0","  theme(legend.position = 'none',"
"0","        axis.title.x =  element_text(size = 13),"
"0","        axis.title.y = element_text(size = 13),"
"0","        axis.text.x = element_text(size = 11),"
"0","        axis.text.y = element_text(size = 11)) +"
"0","  scale_y_continuous(limits = c(0,3))"
"0",""
"0","p4 <- ggplot(data_set, aes(x= medHist4Cat0 , y= clin_det_rate, color = medHist4Cat0)) + "
"0","  geom_boxplot()+"
"0","  geom_jitter(position=position_jitter(0.2)) +"
"0","  labs(x = 'Presence of bronchial asthma', y = 'Rate of deterioration') +"
"0","  theme_bw() +"
"0","  theme(legend.position = 'none',"
"0","        axis.title.x =  element_text(size = 13),"
"0","        axis.title.y = element_text(size = 13),"
"0","        axis.text.x = element_text(size = 11),"
"0","        axis.text.y = element_text(size = 11)) +"
"0","  scale_y_continuous(limits = c(0,3))"
"0",""
"0","p5 <- ggplot(data_set, aes(x= medHist5Cat0 , y= clin_det_rate, color = medHist5Cat0)) + "
"0","  geom_boxplot()+"
"0","  geom_jitter(position=position_jitter(0.2)) +"
"0","  labs(x = 'Presence of obstructive \n sleep apnea syndrome', y = 'Rate of deterioration') +"
"0","  theme_bw() +"
"0","  theme(legend.position = 'none',"
"0","        axis.title.x =  element_text(size = 13),"
"0","        axis.title.y = element_text(size = 13),"
"0","        axis.text.x = element_text(size = 11),"
"0","        axis.text.y = element_text(size = 11)) +"
"0","  scale_y_continuous(limits = c(0,3))"
"0",""
"0","p6 <- ggplot(data_set, aes(x= medHist6Cat0 , y= clin_det_rate, color = medHist6Cat0)) + "
"0","  geom_boxplot()+"
"0","  geom_jitter(position=position_jitter(0.2)) +"
"0","  labs(x = 'Presence of antiphospholipid syndrome', y = 'Rate of deterioration') +"
"0","  theme_bw() +"
"0","  theme(legend.position = 'none',"
"0","        axis.title.x =  element_text(size = 13),"
"0","        axis.title.y = element_text(size = 13),"
"0","        axis.text.x = element_text(size = 11),"
"0","        axis.text.y = element_text(size = 11)) +"
"0","  scale_y_continuous(limits = c(0,3))"
"0",""
"0","p7 <- ggplot(data_set, aes(x= medHist7Cat0 , y= clin_det_rate, color = medHist7Cat0)) + "
"0","  geom_boxplot()+"
"0","  geom_jitter(position=position_jitter(0.2)) +"
"0","  labs(x = 'Presence of systemic lupus erythematosus', y = 'Rate of deterioration') +"
"0","  theme_bw() +"
"0","  theme(legend.position = 'none',"
"0","        axis.title.x =  element_text(size = 13),"
"0","        axis.title.y = element_text(size = 13),"
"0","        axis.text.x = element_text(size = 11),"
"0","        axis.text.y = element_text(size = 11)) +"
"0","  scale_y_continuous(limits = c(0,3))"
"0",""
"0","p8 <- ggplot(data_set, aes(x= medHist8Cat0 , y= clin_det_rate, color = medHist8Cat0)) + "
"0","  geom_boxplot()+"
"0","  geom_jitter(position=position_jitter(0.2)) +"
"0","  labs(x = 'Presence of diabetes or \n impaired glucose tolerance', y = 'Rate of deterioration') +"
"0","  theme_bw() +"
"0","  theme(legend.position = 'none',"
"0","        axis.title.x =  element_text(size = 13),"
"0","        axis.title.y = element_text(size = 13),"
"0","        axis.text.x = element_text(size = 11),"
"0","        axis.text.y = element_text(size = 11)) +"
"0","  scale_y_continuous(limits = c(0,3))"
"0",""
"0","p9 <- ggplot(data_set, aes(x= medHist9Cat0 , y= clin_det_rate, color = medHist9Cat0)) + "
"0","  geom_boxplot()+"
"0","  geom_jitter(position=position_jitter(0.2)) +"
"0","  labs(x = 'Presence of CKD stage 3A or higher', y = 'Rate of deterioration') +"
"0","  theme_bw() +"
"0","  theme(legend.position = 'none',"
"0","        axis.title.x =  element_text(size = 13),"
"0","        axis.title.y = element_text(size = 13),"
"0","        axis.text.x = element_text(size = 11),"
"0","        axis.text.y = element_text(size = 11)) +"
"0","  scale_y_continuous(limits = c(0,3))"
"0",""
"0","p10 <- ggplot(data_set, aes(x= medHist10Cat0 , y= clin_det_rate, color = medHist10Cat0)) + "
"0","  geom_boxplot()+"
"0","  geom_jitter(position=position_jitter(0.2)) +"
"0","  labs(x = 'Presence of FP or TP (any form)', y = 'Rate of deterioration') +"
"0","  theme_bw() +"
"0","  theme(legend.position = 'none',"
"0","        axis.title.x =  element_text(size = 13),"
"0","        axis.title.y = element_text(size = 13),"
"0","        axis.text.x = element_text(size = 11),"
"0","        axis.text.y = element_text(size = 11)) +"
"0","  scale_y_continuous(limits = c(0,3))"
"0",""
"0","ggarrange(p1,p2,p3,p4,p5)"
"2","Warning:"
"2"," [38;5;232mRemoved 1 row containing non-finite outside the scale range (`stat_boxplot()`).[39m
"
"2","Warning:"
"2"," [38;5;232mRemoved 16 rows containing missing values or values outside the scale range (`geom_point()`).[39m
"
"2","Warning:"
"2"," [38;5;232mRemoved 1 row containing non-finite outside the scale range (`stat_boxplot()`).[39m
"
"2","Warning:"
"2"," [38;5;232mRemoved 18 rows containing missing values or values outside the scale range (`geom_point()`).[39m
"
"2","Warning:"
"2"," [38;5;232mRemoved 1 row containing non-finite outside the scale range (`stat_boxplot()`).[39m
"
"2","Warning:"
"2"," [38;5;232mRemoved 12 rows containing missing values or values outside the scale range (`geom_point()`).[39m
"
"2","Warning:"
"2"," [38;5;232mRemoved 1 row containing non-finite outside the scale range (`stat_boxplot()`).[39m
"
"2","Warning:"
"2"," [38;5;232mRemoved 17 rows containing missing values or values outside the scale range (`geom_point()`).[39m
"
"2","Warning:"
"2"," [38;5;232mRemoved 1 row containing non-finite outside the scale range (`stat_boxplot()`).[39m
"
"2","Warning:"
"2"," [38;5;232mRemoved 14 rows containing missing values or values outside the scale range (`geom_point()`).[39m
"
